城市,全部企业,企业密度
北京市,12100,7373.310079985179
石家庄市,484,344.2389758179232
天津市,2365,1976.4332274778537
长治市,86,61.626657112146184
唐山市,211,156.6211401425178
巴彦淖尔市,29,4.451949646914338
锡林郭勒盟,30,1.5008705048928377
赤峰市,69,7.664878195087812
邢台市,27,21.716399903482667
太原市,757,1083.2856325128791
衡水市,35,39.60620119950209
临汾市,68,33.49423702098315
运城市,72,50.76500035253472
阿拉善盟,7,0.28216704288939054
晋中市,82,50.02440214738897
吕梁市,42,19.86754966887417
包头市,171,61.581676750216076
保定市,156,70.31778228532792
承德市,35,8.863003291972651
呼伦贝尔市,36,1.4229249011857708
廊坊市,123,191.6186321856987
乌兰察布市,17,3.121786396356691
鄂尔多斯市,133,15.308119058032734
秦皇岛市,69,88.42752787389466
沧州市,71,49.63646532438479
朔州市,37,34.8235294117647
阳泉市,43,94.31892958982232
乌海市,21,125.82384661473935
邯郸市,81,67.13634479900539
忻州市,27,10.73473282442748
兴安盟,12,2.176633835772977
呼和浩特市,382,222.27394390783195
大同市,42,29.880478087649404
通辽市,52,8.834372504714498
张家口市,53,14.403348099029813
晋城市,82,87.0026525198939
山西转型综合改革示范区,1,16.961514323998845
沈阳市,1060,816.6409861325116
七台河市,3,4.846526655896607
长春市,774,312.8031037827352
大连市,778,587.7464682329833
伊春市,1,0.3048780487804878
朝阳市,40,20.30663011473246
铁岭市,21,16.172506738544474
吉林市,125,45.108440691422174
葫芦岛市,28,26.89979825151311
四平市,22,21.48017965241164
阜新市,18,17.430037765081824
佳木斯市,17,5.2356020942408374
牡丹江市,45,11.589873026502175
齐齐哈尔市,24,5.679801206957756
大庆市,98,46.215515208677196
抚顺市,27,23.955283470854404
锦州市,48,47.808764940239044
双鸭山市,4,1.813976690399528
鞍山市,102,110.21069692058347
白山市,19,10.85404170237075
本溪市,19,22.581411932493463
松原市,33,14.999999999999998
辽阳市,24,50.60088551549652
鸡西市,13,5.779318929492309
丹东市,69,45.12753433616743
哈尔滨市,550,103.6406120449235
辽源市,13,25.291828793774318
绥化市,19,5.4483411235052905
延边朝鲜族自治州,51,11.770407810011768
白城市,11,4.270352109942156
鹤岗市,7,4.77326968973747
大兴安岭地区,2,0.24117015760469795
上海市,6249,9855.689614383724
黑河市,18,2.692112111513266
营口市,48,88.892181191896
盘锦市,46,113.16113161131611
通化市,16,10.248526774276197
南京市,2538,3852.8625493562618
乌鲁木齐市,700,492.39253532916445
苏州市,2313,2671.7275092060822
徐州市,433,368.04079898002544
扬州市,304,461.22032221701323
无锡市,921,1990.2927307853552
南通市,354,335.5768319271969
连云港市,152,199.60604070912672
常州市,467,1068.161024702653
湖州市,189,324.7422680412371
宿迁市,173,202.9563585171281
杭州市,3894,2310.4897063352155
镇江市,193,502.60416666666663
泰州市,171,295.48989113530325
温州市,690,571.9021964359717
嘉兴市,422,999.2896045465309
盐城市,245,144.35540890879093
金华市,381,348.1995978797295
淮安市,130,129.61116650049848
绍兴市,243,293.5137093851914
舟山市,56,384.8797250859106
宁波市,1077,1149.9554752615427
衢州市,92,104.0135669869983
丽水市,99,57.3082489146165
马鞍山市,105,259.3232897011608
安庆市,81,59.83158516767617
滁州市,80,59.189109203906476
台州市,201,200.23909145248058
亳州市,28,32.85999295857293
淮北市,48,175.11856986501277
合肥市,1695,1480.9960681520313
淮南市,47,84.95562424308154
铜陵市,33,109.70744680851064
芜湖市,152,252.2402920677066
蚌埠市,66,110.90573012939001
黄山市,29,29.570714795554196
阜阳市,100,98.83376161296698
南平市,80,30.441400304414003
宿州市,48,48.29459704195593
池州市,33,39.2903917132992
龙岩市,139,73.05024174900147
莆田市,161,389.7361413701283
厦门市,3031,15852.510460251046
三明市,104,45.28630524711517
六安市,63,40.774059931396025
宁德市,206,153.3650982727814
福州市,2463,2010.448126683536
宣城市,36,29.237391374969544
宜春市,110,58.9212062777867
九江市,121,63.423838976831945
赣州市,173,43.94990219241419
枣庄市,129,282.646801051709
抚州市,55,29.258431748058303
萍乡市,40,104.41138084051161
南昌市,688,956.219596942321
景德镇市,21,39.908779931584945
漳州市,275,213.47169404150046
吉安市,78,30.865418859562347
上饶市,132,58.05515239477503
青岛市,1976,1749.7564863189587
泉州市,643,569.6819349694339
新余市,38,120.25316455696202
鹰潭市,22,61.797752808988754
潍坊市,390,241.59078238245678
日照市,169,315.35734278783355
济宁市,350,312.8631447215518
威海市,194,334.6558564774884
东营市,253,306.9270896518258
济南市,2327,2271.5736040609136
泰安市,235,302.79603143924754
烟台市,514,141.39524647887322
淄博市,306,512.9924559932942
鹤壁市,34,158.87850467289718
聊城市,136,157.62633286972647
平顶山市,74,93.55246523388116
新乡市,104,125.43722108310214
临沂市,399,232.09819091385026
南阳市,158,59.597902757346006
漯河市,29,110.8139090561712
洛阳市,226,148.33289577316881
濮阳市,38,88.97213767267618
许昌市,71,142.59891544486845
三门峡市,22,22.14170692431562
德州市,146,140.95385209499904
郑州市,2008,2653.564471837593
开封市,56,89.74358974358974
焦作市,50,125.88116817724068
菏泽市,106,87.2069107363225
滨州市,172,187.52725686873092
安阳市,81,110.17410228509247
荆门市,46,37.28016857119702
黄冈市,74,42.38987225754712
荆州市,79,56.03234271934179
湘潭市,69,137.8345984818218
襄阳市,177,89.72019464720194
潜江市,8,39.92015968063872
商丘市,39,36.43497757847533
仙桃市,25,98.50275807722615
株洲市,145,118.25150872614581
神农架林区,4,12.373289779353309
黄石市,63,138.0065717415115
孝感市,64,71.87780772686432
天门市,10,38.13882532418002
鄂州市,39,244.36090225563908
衡阳市,62,40.52552454408785
周口市,64,53.50723183680294
邵阳市,38,18.24817518248175
十堰市,140,59.156595960449586
宜昌市,223,105.76740656421931
咸宁市,64,65.63072666545659
驻马店市,34,22.541934628389576
济源市,16,82.85862247540133
恩施土家族苗族自治州,99,41.25
随州市,45,46.80674017058456
武汉市,2761,3222.023187830765
信阳市,66,34.89109748361175
揭阳市,41,77.8727445394112
阳江市,30,37.71213073538655
云浮市,15,19.267822736030826
韶关市,66,35.844240482267956
怀化市,39,14.144271570014142
河源市,73,46.63344831991823
益阳市,43,34.9025974025974
肇庆市,76,51.037539453361084
郴州市,53,27.401509668079825
清远市,36,18.911536036982557
常德市,52,28.607581008967376
珠海市,1111,6398.0742430001255
岳阳市,70,47.112666576928255
张家界市,25,26.221942521501994
汕头市,155,704.8530267753201
湛江市,137,103.29488049460906
娄底市,52,64.11837237977805
潮州市,32,101.71646535282899
江门市,133,139.94107744107743
北海市,62,155.42742541990472
茂名市,69,60.38330270412182
长沙市,1786,1510.9983079526226
梅州市,72,45.38432009560963
永州市,35,15.723976818365603
湘西土家族苗族自治州,14,9.049773755656108
汕尾市,25,51.41916906622789
梧州市,29,23.067133312122174
佛山市,850,2238.1850162729215
惠州市,341,300.54644808743166
东莞市,909,3695.0017885597217
深圳市,7816,38126.82926829268
中山市,329,1844.5115968761036
广州市,7434,9999.461960615517
南宁市,1378,623.5576270419475
柳州市,203,109.1573909770393
桂林市,187,67.58954711389019
贵港市,47,44.33125825315978
临高县,2,14.888374412839733
定安县,1,8.357989402069437
琼海市,8,46.779795806191295
百色市,49,13.535163803104801
防城港市,23,36.906290115532734
澄迈县,36,173.3870190918373
玉林市,64,49.906425452276984
屯昌县,3,24.510404666781046
昌江黎族自治县,1,6.1708968164343325
陵水黎族自治县,6,54.15748998086435
河池市,26,7.7667582745847765
保亭黎族苗族自治县,1,8.571404081702623
崇左市,13,7.500576967459035
重庆市,2611,317.2539489671932
万宁市,4,21.054182939795567
白沙黎族自治县,1,4.726657402418158
东方市,3,13.200623069408877
三沙市,3,1111.111111111111
文昌市,5,20.33198057889215
海南省洋浦经济开发区,1,87.18395815170008
来宾市,26,19.42908384396951
钦州市,36,33.09127677176211
海口市,830,3601.117648079693
三亚市,151,786.6304087352443
儋州市,19,55.98114319387153
贺州市,17,14.46439207010976
西藏自治区,1,0.008316914358237778
海西蒙古族藏族自治州,16,0.531819420715696
拉萨市,97,32.732660885246375
酒泉市,62,3.229166666666667
遵义市,96,31.20226216400689
安顺市,24,26.00780234070221
定西市,29,14.789127441480952
五指山市,1,8.843218577833587
黔西南布依族苗族自治州,33,19.635844341306676
和田地区,18,0.7230483719360825
嘉峪关市,21,171.5686274509804
平凉市,50,44.75875033569063
天水市,60,42.02563563773902
阿勒泰地区,12,1.0169491525423728
金昌市,28,37.091005431182936
武威市,30,9.273085888248806
张掖市,61,16.688553293937403
甘南藏族自治州,4,1.0930753675465923
海东市,9,6.932676012940995
六盘水市,19,19.164817429897113
海南藏族自治州,3,0.06741573033707865
白银市,29,14.428578536245585
山南市,7,0.8832361773538243
黔东南苗族侗族自治州,27,8.916187834357045
黔南布依族苗族自治州,32,12.216071769421646
西宁市,283,372.02576574207967
庆阳市,80,29.501788545930598
陇南市,33,11.853874061568304
黄南藏族自治州,1,0.548666739822232
昌都市,2,0.18212116521121502
铜仁市,26,14.433218607749527
临夏回族自治州,12,16.36884463238303
海北藏族自治州,3,0.8723466123873219
林芝市,9,0.7879875673072714
兰州市,847,642.0557913887203
日喀则市,3,0.1673733541620174
贵阳市,925,1150.0683824443615
毕节市,26,9.683787105665015
玉树藏族自治州,1,0.037453183520599245
博尔塔拉蒙古自治州,9,0.33088235294117646
吐鲁番市,7,1.0034547513582477
攀枝花市,31,41.82971258939415
自贡市,61,139.5242451967063
克拉玛依市,45,58.19216345532135
银川市,413,457.59846122822535
克孜勒苏柯尔克孜自治州,5,0.689959706353149
喀什地区,34,3.0521194276378387
内江市,38,70.56638811513464
塔城地区,13,1.369993805520316
丽江市,21,10.216492337630747
昌吉回族自治州,32,4.344260369987079
遂宁市,40,75.15971439308531
乐山市,37,29.08805031446541
石河子市,19,3049.7592295345103
昆明市,1123,534.4310664826536
中卫市,15,8.600128428584535
固原市,29,27.55868098451012
德宏傣族景颇族自治州,10,8.950948800572862
成都市,3559,2482.7345657481687
巴中市,26,21.143368301211677
阿拉尔市,4,5.777508160730277
北屯市,3,32.93084522502744
达州市,30,18.08536291294912
昭通市,24,10.695663799634564
红河哈尼族彝族自治州,51,15.851308509977
哈密市,21,1.5303668507965194
甘孜藏族自治州,3,0.20042356179392448
雅安市,17,11.298684035624085
眉山市,47,65.82633053221288
阿坝藏族羌族自治州,6,0.722874147610901
泸州市,79,64.60053970071142
普洱市,17,3.8404192834229427
铁门关市,1,16.94915254237288
玉溪市,25,16.731361263552404
阿克苏地区,37,2.894763607344876
五家渠市,4,53.908355795148246
保山市,16,8.393662784597629
西双版纳傣族自治州,21,10.997067448680351
迪庆藏族自治州,7,3.0190632278098852
宜宾市,85,64.04943109034737
吴忠市,26,15.514977920992957
阿里地区,2,0.05931637873507822
楚雄彝族自治州,45,15.82334118639896
绵阳市,303,149.57792368070295
德阳市,99,167.48435120960917
文山壮族苗族自治州,20,6.358087487283825
临沧市,27,11.430506752466025
石嘴山市,23,56.45557191948944
大理白族自治州,39,13.779944880220478
巴音郭楞蒙古自治州,109,2.311643472470235
广安市,27,42.593469001419784
曲靖市,65,22.491349480968857
伊犁哈萨克自治州,42,1.5061755888743111
怒江傈僳族自治州,4,2.7425437092903664
凉山彝族自治州,44,7.3015714973199906
广元市,48,29.413567007782337
资阳市,25,43.50095702105446
南充市,96,76.91075148213427
延安市,70,18.903081202235963
咸阳市,122,119.71347267196545
商洛市,13,6.637055189666615
渭南市,64,49.11365206047118
安康市,64,27.192386131883072
榆林市,208,48.462255358807084
新星市,1,18.552875695732837
宝鸡市,161,88.86681017828559
汉中市,67,24.725984426320256
铜川市,21,54.05405405405405
西安市,4050,3996.053280710409
